<?xml version="1.0" encoding="UTF-8" standalone="yes"?>
<addon id="zetix.kodi" name="Zetix Kodi Addons" version="0.0.1" provider-name="Xnehaxixh">
    <extension point="xbmc.addon.repository" name="Example Repository">
        <dir>
            <info compressed="false">https://raw.githubusercontent.com/Xnehaxixh/zetix.kodi/main/repo/zips/addons.xml</info>
            <checksum>https://raw.githubusercontent.com/Xnehaxixh/zetix.kodi/main/repo/zips/addons.xml.md5</checksum>
            <datadir zip="true">https://raw.githubusercontent.com/Xnehaxixh/zetix.kodi/main/repo/zips/</datadir>
        </dir>
    </extension>
    <extension point="xbmc.addon.metadata">
        <summary>Zetix Kodi Addons</summary>
        <description>Only contains a single addon</description>
        <disclaimer></disclaimer>
        <platform>all</platform>
        <assets>
            <icon>icon.png</icon>
            <fanart>fanart.jpg</fanart>
        </assets>
    </extension>
</addon>